{
  "train": {
    "accuracy": 0.8888888888888888,
    "precision": 0.9583333333333334,
    "recall": 0.8846153846153846,
    "f1": 0.92,
    "roc_auc": 0.9730769230769231
  },
  "val": {
    "accuracy": 0.7,
    "precision": 0.8333333333333334,
    "recall": 0.7142857142857143,
    "f1": 0.7692307692307693,
    "roc_auc": 0.6666666666666667
  },
  "optimal_threshold": 0.30000000000000004
}