{
  "best_threshold": 0.1,
  "test_metrics": {
    "accuracy": 0.8,
    "precision": 0.8571428571428571,
    "recall": 0.8571428571428571,
    "f1": 0.8571428571428571,
    "roc_auc": 0.9047619047619049,
    "threshold": 0.1
  },
  "threshold_only": true
}